i,total_costs,nr_uncovered_DPs,total_uncovered_demand,max_distr_time
2.0,38214791700.009125,6.0,822318.9601417934,2609.0621406272267
7.0,56056323673.61232,4.0,588967.9595881836,2364.118669258766
12.0,59944331470.39541,3.0,330836.7868119059,1365.2695850188916
13.0,34205058428.52776,6.0,838974.7265180992,1001.9515598954207
16.0,27404695178.210144,7.0,919804.7464000895,970.2431296125948
