pol_i,max_distr_time_regret,nr_uncovered_DPs_regret,total_costs_regret,total_uncovered_demand_regret,max_distr_time_sigN,nr_uncovered_DPs_sigN,total_costs_sigN,total_uncovered_demand_sigN
2,1254.4320347935657,9.0,0.0,2281703.202467484,1307597.5476429511,24.38422144989742,2.8973040083876846e+20,210342839714.8566
16,0.0,0.0,43660969433.2733,0.0,609800.3093103899,8.0,6.935384053827665e+20,22411456613.88862
