pol_i,max_distr_time_regret,nr_uncovered_DPs_regret,total_costs_regret,total_uncovered_demand_regret,max_distr_time_sigN,nr_uncovered_DPs_sigN,total_costs_sigN,total_uncovered_demand_sigN
7,2013.8541314112301,0.0,136516967262.9819,220797.1670293701,1068574.878190222,4.0,5.396969145186531e+21,9270873566.454964
12,643.5499101598346,0.0,148054810103.0833,0.0,355366.36358715314,4.0,5.64800170964534e+21,4150634025.3833933
13,0.0,3.0,0.0,544684.0890126331,185433.04513463512,7.0,6.354936537154548e+20,19738918297.291183
