pol_i,max_distr_time_regret,nr_uncovered_DPs_regret,total_costs_regret,total_uncovered_demand_regret,max_distr_time_sigN,nr_uncovered_DPs_sigN,total_costs_sigN,total_uncovered_demand_sigN
7,2017.4700931910436,1.0,65751350851.34857,319770.18974269833,946751.1468018031,5.0,1.7138075047042141e+21,12682006996.570057
12,732.8063718152798,0.0,71786272774.17079,0.0,367235.01814847166,4.0,1.9846951219227308e+21,4699515863.356039
13,203.49600041057306,3.0,14816784681.436043,550132.3698835252,188257.1832126577,7.0,6.229002060992428e+20,19521402296.834625
16,62.88342657407702,4.0,0.0,634863.1554493066,164340.72967913334,8.0,3.997479561606203e+20,23315654096.31057
