pol_i,max_distr_time_regret,nr_uncovered_DPs_regret,total_costs_regret,total_uncovered_demand_regret,max_distr_time_sigN,nr_uncovered_DPs_sigN,total_costs_sigN,total_uncovered_demand_sigN
2,2656.9018337413954,12.0,4337654848.291664,2642644.7649704143,1890343.9283353349,27.359721321757995,5.77243551691882e+19,358359380068.278
6,2879.4967519130755,10.0,31009631897.715553,2471243.614623175,702059.4881813313,17.0,1.0895475259462181e+20,297643369015.2763
7,3186.3602008608873,9.0,67567494785.03079,2349465.939625124,973362.3250663305,16.0,4.2569630860818324e+20,278050067688.86914
13,1534.9652265052168,0.0,155253390469.94885,0.0,221119.95394172956,7.0,2.804053694242734e+21,32400609673.168907
14,1264.4458406680708,1.0,56533176997.507454,113715.31586065982,160721.1826085823,8.0,4.3080931508078576e+20,37683268403.31663
