i,total_costs,nr_uncovered_DPs,total_uncovered_demand,max_distr_time
6.0,40639308351.98433,13.0,2793455.8667007503,2364.118669258766
12.0,101180244161.38008,3.0,508137.9397061933,2364.118669258766
16.0,55964972002.257935,4.0,588967.9595881836,2364.118669258766
