i,total_costs,nr_uncovered_DPs,total_uncovered_demand,max_distr_time
2.0,83338712187.77687,5.0,741488.9402598031,2609.0621406272267
7.0,101180244161.38008,3.0,508137.9397061933,2364.118669258766
12.0,101980035065.30354,3.0,330836.7868119059,1365.2695850188916
13.0,34205058428.52776,6.0,838974.7265180992,1001.9515598954207
