i,total_costs,nr_uncovered_DPs,total_uncovered_demand,max_distr_time
2.0,10640791248.920252,17.0,3207079.765589916,2656.7514863975243
6.0,13351252528.338118,16.0,3128480.49609854,1893.926691320307
7.0,26660718531.87949,15.0,2979995.8176860483,2289.6575102248567
13.0,70501761970.45836,6.0,851646.2400461123,1027.7058550075387
14.0,27720454897.57977,7.0,938805.4740123157,946.0764293048163
15.0,68471203492.98114,8.0,1110759.7342404295,921.5504969819798
