pol_i,max_distr_time_regret,nr_uncovered_DPs_regret,total_costs_regret,total_uncovered_demand_regret,max_distr_time_sigN,nr_uncovered_DPs_sigN,total_costs_sigN,total_uncovered_demand_sigN
6,0.0,10.0,0.0,2387565.4423205433,999314.3662806423,14.0,9.170395419628782e+20,144206646684.6413
12,0.0,0.0,125130211650.03168,0.0,999314.3662806423,4.0,5.609279292067809e+21,9307781080.261145
16,0.0,1.0,34077439797.1232,96549.480177599,999314.3662806423,5.0,1.7389960441370155e+21,11983407165.086191
