i,total_costs,nr_uncovered_DPs,total_uncovered_demand,max_distr_time
2.0,22797776378.381138,15.0,3026806.8672543606,2609.0621406272267
16.0,35578164031.21821,7.0,919804.7464000895,1820.654025778907
