pol_i,max_distr_time_regret,nr_uncovered_DPs_regret,total_costs_regret,total_uncovered_demand_regret,max_distr_time_sigN,nr_uncovered_DPs_sigN,total_costs_sigN,total_uncovered_demand_sigN
5,1244.557140393786,10.0,0.0,2414803.655676716,1079446.927154669,24.330629952400002,2.5109276728746928e+20,184331804198.62814
12,171.02453549912934,0.0,131549939969.62508,0.0,1383228.1788307778,9.47676551259536,3.5180390914336757e+21,38067888278.57056
16,61.558036987263904,1.0,32717187642.510773,96781.90295409551,1399741.5741339063,10.962151956575825,7.001637093708046e+20,43405383018.78145
