i,total_costs,nr_uncovered_DPs,total_uncovered_demand,max_distr_time
5.0,22797776378.381138,15.0,3026806.8672543606,2609.0621406272267
12.0,83338712187.77687,5.0,741488.9402598031,2609.0621406272267
16.0,38123440028.65475,6.0,822318.9601417934,2609.0621406272267
