pol_i,max_distr_time_regret,nr_uncovered_DPs_regret,total_costs_regret,total_uncovered_demand_regret,max_distr_time_sigN,nr_uncovered_DPs_sigN,total_costs_sigN,total_uncovered_demand_sigN
0,4.762910104246118,4.0,844489472.8341051,1417625.90831621,35.986002062107616,67.18898005889496,2.558831087979144e+17,2320308782412.7314
3,1.8300539193582983,2.0,327638157.2301643,207566.05753942858,40.17799500398302,39.46018206282625,8.990166911339666e+16,671615209102.8978
11,3.511495717509897,6.0,194314288.43332446,2105191.9782571266,57.035813857353055,50.72628332231664,8.139246783773435e+16,1411739459144.5657
18,8.589262980855608,8.0,0.0,2230843.0365078896,81.0421870437468,53.42740353079397,4.906601401149739e+16,1286475287078.9058
