i,total_costs,nr_uncovered_DPs,total_uncovered_demand,max_distr_time
0.0,227464146.75721738,11.0,1477049.5313258204,6.3056535678535
10.0,217957759.0868594,11.0,1687199.7238249239,10.591828316209353
12.0,182052712.27100828,12.0,1743640.8730565633,8.577114685487304
18.0,127288609.58804053,13.0,1903263.6153513296,2.7544705180036497
