pol_i,max_distr_time_regret,nr_uncovered_DPs_regret,total_costs_regret,total_uncovered_demand_regret,max_distr_time_sigN,nr_uncovered_DPs_sigN,total_costs_sigN,total_uncovered_demand_sigN
0,4.611470533851185,3.0,215581883.62954885,542048.6664369507,24.804954268331144,30.458818284502744,6.233200912577976e+16,283559703533.0323
10,8.297069160267377,3.0,177023181.67589366,542048.6664369507,41.1776628242229,32.42673589889244,5.930543854044187e+16,419245084717.6418
12,7.831104346057823,2.0,462364592.7455706,382849.24822893064,37.700829955157246,40.018520674089324,1.4100459580762576e+17,604773241658.8286
18,6.899609466727513,4.0,135557383.34295613,685080.3767388049,62.66458811468905,39.11897509058493,4.973687920734172e+16,507935498032.1753
