pol_i,max_distr_time_regret,nr_uncovered_DPs_regret,total_costs_regret,total_uncovered_demand_regret,max_distr_time_sigN,nr_uncovered_DPs_sigN,total_costs_sigN,total_uncovered_demand_sigN
11,0.0,3.0,527053937.92246044,427473.97962238826,29.069213758721908,42.88998898641532,1.5907796627017168e+17,1022996974033.6874
12,3.6607675513259164,5.0,154938067.35538292,1844566.9738672483,31.98745262192901,55.510048161221704,1.2651589416336718e+17,1338148225207.028
18,13.261388586622912,7.0,301627335.6618278,1961144.3209884763,105.9747409108029,54.11810239015894,1.2839653556587947e+17,1126669372407.022
