i,total_costs,nr_uncovered_DPs,total_uncovered_demand,max_distr_time
4.0,113799305.54714608,14.0,2751231.3423138503,7.525697623087673
11.0,280553741.3237772,12.0,1578953.1321271134,7.525697623087673
12.0,99065615.48151389,15.0,2906046.9569362137,7.53865041323652
18.0,78045278.2623663,16.0,2975755.512403382,7.525697623087673
