i,total_costs,nr_uncovered_DPs,total_uncovered_demand,max_distr_time
3.0,254899093.09451312,11.0,1628543.8063606627,7.809276588319145
10.0,289068982.6110659,11.0,1563656.8896357184,7.809276588319145
16.0,234731350.6193803,12.0,1756648.4388584977,7.809276588319145
