pol_i,max_distr_time_regret,nr_uncovered_DPs_regret,total_costs_regret,total_uncovered_demand_regret,max_distr_time_sigN,nr_uncovered_DPs_sigN,total_costs_sigN,total_uncovered_demand_sigN
0,13.338192879536965,6.0,134482153.7498095,1732517.2003178024,37.18767068232214,31.81415130725339,1.5559266747476498e+16,383499623618.6459
2,0.0,2.0,167773785.51989266,269616.2906703544,8.231631881211078,30.39727632909544,1.3033810422580088e+16,322364334073.14435
