i,total_costs,nr_uncovered_DPs,total_uncovered_demand,max_distr_time
1.0,176419869.7066217,11.0,1602499.8199768825,11.633119543552914
3.0,120804856.46086533,15.0,2767870.8145069256,11.633119543552914
13.0,97461093.9479169,15.0,2834832.7184746205,11.633119543552914
18.0,75003517.51815808,16.0,2980852.410558311,11.633119543552914
