i,total_costs,nr_uncovered_DPs,total_uncovered_demand,max_distr_time
0.0,154939799.85214463,15.0,2995418.923525738,8.577114685487304
3.0,182052712.27100828,12.0,1743640.8730565633,8.577114685487304
10.0,130148354.45083779,16.0,3330620.5109846354,20.707071724127694
11.0,145433412.18178666,15.0,3205569.1160248416,10.591828316209353
18.0,54764262.68296777,17.0,3421633.0075512473,8.577114685487304
