pol_i,max_distr_time_regret,nr_uncovered_DPs_regret,total_costs_regret,total_uncovered_demand_regret,max_distr_time_sigN,nr_uncovered_DPs_sigN,total_costs_sigN,total_uncovered_demand_sigN
1,7.649815534957864,6.0,165542202.48146808,1857569.103644782,26.905793516733013,39.95574192437432,2.8352331227587884e+16,893580539983.4263
11,7.131908353258271,5.0,269379108.15193105,1777480.333974117,23.827881905936113,38.05295616764477,2.6953946246237596e+16,748462447142.3597
12,1.77998240213483,2.0,485097617.2828413,361043.36367112026,13.632559318863317,41.7625837450904,5.573910725245997e+16,1091839879080.8668
