i,total_costs,nr_uncovered_DPs,total_uncovered_demand,max_distr_time
1.0,23597941.668658275,17.0,3222137.1568264896,6.666374295400859
4.0,36575364.184340104,16.0,3079801.490175275,4.062512588317042
11.0,80057554.07138658,16.0,3039999.1827207273,7.824699724680488
12.0,212198831.74666828,14.0,1826648.8957137682,3.7579799417849826
