i,total_costs,nr_uncovered_DPs,total_uncovered_demand,max_distr_time
0.0,100175667.16917686,16.0,3155041.665820504,6.3056535678535
3.0,127288579.58804053,13.0,1903263.6153513296,2.7544705180036497
11.0,90669279.4988189,16.0,3365191.8583196076,10.591828316209353
13.0,54764232.68296777,17.0,3421633.0075512473,8.577114685487304
