pol_i,max_distr_time_regret,nr_uncovered_DPs_regret,total_costs_regret,total_uncovered_demand_regret,max_distr_time_sigN,nr_uncovered_DPs_sigN,total_costs_sigN,total_uncovered_demand_sigN
0,11.787035299994837,2.0,288525198.4759469,488800.71267106757,48.297106501991465,27.92639152820683,4.148998357575517e+16,337881552934.3414
3,3.7683854251950852,4.0,78373548.66225949,602990.0089887136,16.747783848714523,28.25979523099235,1.6322945051239604e+16,244726974579.41858
5,11.655210138564144,1.0,390734729.538201,219286.66825284483,47.63186594567304,35.745899869269245,7.811005919607637e+16,459023943062.6057
13,2.715062263032732,3.0,89036176.99379677,488800.71267106757,13.486371562320084,30.469208598175484,2.2861901584108532e+16,315527831311.55334
14,21.915728904796307,2.0,411066760.1804946,349632.65713635273,135.05911025320137,31.303741291931455,7.620281866480582e+16,376917697396.2644
18,5.869512680470008,4.0,30160431.30166012,661293.7623193641,20.370919030960827,32.17125813832632,1.5393193241461712e+16,379650828389.96356
