i,total_costs,nr_uncovered_DPs,total_uncovered_demand,max_distr_time
4.0,26573369838.204422,15.0,2966381.412616597,2565.0844530003683
8.0,86542200573.15025,5.0,736564.1372470967,2565.0844530003683
11.0,37270324209.47936,6.0,819469.684898803,2565.0844530003683
