i,total_costs,nr_uncovered_DPs,total_uncovered_demand,max_distr_time
5.0,18174303049.889965,16.0,3498958.6102230297,2223.7940704112248
6.0,25868385077.862606,15.0,3365049.3296547756,2181.6897243060166
12.0,89379065011.43774,6.0,846549.925383905,1062.495679694944
13.0,32972194809.691227,7.0,935050.5986679038,955.7307241606115
16.0,32547366959.887184,7.0,935050.5986679038,965.2350296522139
18.0,13098615245.574516,17.0,3591322.870761662,2844.7700160033464
