pol_i,max_distr_time_regret,nr_uncovered_DPs_regret,total_costs_regret,total_uncovered_demand_regret,max_distr_time_sigN,nr_uncovered_DPs_sigN,total_costs_sigN,total_uncovered_demand_sigN
5,0.0,12.0,0.0,3104477.211658455,1.0,19.0,7058.459505911299,355636935674.7631
6,3372.554255813026,10.0,44991249980.52842,2900328.0294984905,938375.97184897,17.0,2.0004275422931252e+20,333424053179.15466
13,1478.8974082164636,0.0,198089229851.49377,0.0,219878.91851766032,7.0,4.6248933542002997e+21,24016902148.5772
16,1327.0732466018749,1.0,75195538913.66835,113978.91092988709,174059.15296709904,8.0,7.53517077827488e+20,32439639852.615963
