,total_costs,nr_uncovered_DPs,total_uncovered_demand,max_distr_time
3,1222383.6763074289,8.0,676.8589999165561,57150.213922502146
19,1957681.8059179254,9.0,979.4428341922358,32489.6085512006
