,total_costs,nr_uncovered_DPs,total_uncovered_demand,max_distr_time
3,1120961.6245259596,11.0,1714.166926441707,46290.56784183566
7,2030262.9615940382,9.0,1086.1456812609358,32695.998066572072
