,total_costs,nr_uncovered_DPs,total_uncovered_demand,max_distr_time
3,1068210.5638287761,11.0,1694.1187634612506,46290.56784183566
7,1977513.985727716,9.0,1066.2217991693615,32489.6085512006
