,total_costs,nr_uncovered_DPs,total_uncovered_demand,max_distr_time
3,1278680.8148612215,8.0,731.7525629657139,57150.213922502146
19,2015211.1248074742,9.0,1028.9102524912232,32695.998066572072
