,total_costs,nr_uncovered_DPs,total_uncovered_demand,max_distr_time
3,1068860.4345796914,11.0,1684.3751054297354,46290.56784183566
7,1976668.7873134273,9.0,1053.369210788158,32462.412624111636
